timestep,throughput_tp,throughput_fair,throughput_minrate,proportional_fair_tp,proportional_fair_fair,proportional_fair_minrate,max_min_tp,max_min_fair,max_min_minrate,jain_tp,jain_fair,jain_minrate,hpf_tp,hpf_fair,hpf_minrate,adaptive_hpf_tp,adaptive_hpf_fair,adaptive_hpf_minrate,weighted_tf_tp,weighted_tf_fair,weighted_tf_minrate,hpf_switch_cost_tp,hpf_switch_cost_fair,hpf_switch_cost_minrate,adaptive_threshold_tp,adaptive_threshold_fair,adaptive_threshold_minrate,channel_predictor_tp,channel_predictor_fair,channel_predictor_minrate
0,487.48,0.9694,47.69,487.48,0.9694,47.69,487.48,0.9694,47.69,487.48,0.9694,47.69,487.48,0.9694,47.69,487.48,0.9694,47.69,487.48,0.9694,47.69,487.48,0.9694,47.69,487.48,0.9694,47.69,506.62,0.9736,50.14
1,398.26,0.9832,40.65,385.96,0.9834,39.46,392.03,0.9833,40.01,385.96,0.9834,39.46,385.96,0.9834,39.46,385.96,0.9834,39.46,385.96,0.9834,39.46,385.96,0.9834,39.46,385.96,0.9834,39.46,411.12,0.9829,41.81
2,395.69,0.9821,40.02,382.25,0.9821,38.77,400.79,0.9819,40.58,382.25,0.9821,38.77,382.25,0.9821,38.77,382.25,0.9821,38.77,382.25,0.9821,38.77,382.25,0.9821,38.77,382.25,0.9821,38.77,409.46,0.9819,41.47
3,398.39,0.9819,40.38,385.08,0.9818,39.02,403.21,0.982,40.85,385.08,0.9818,39.02,385.08,0.9818,39.02,385.08,0.9818,39.02,385.08,0.9818,39.02,385.08,0.9818,39.02,385.08,0.9818,39.02,411.22,0.9821,41.72
4,397.09,0.9824,40.31,386.54,0.982,39.09,402.3,0.9823,40.86,386.54,0.982,39.09,386.54,0.982,39.09,386.54,0.982,39.09,386.54,0.982,39.09,386.54,0.982,39.09,386.54,0.982,39.09,411.03,0.9822,41.74
5,400.7,0.9824,40.76,384.23,0.9826,39.12,400.7,0.9824,40.76,384.23,0.9826,39.12,384.23,0.9826,39.12,384.23,0.9826,39.12,384.23,0.9826,39.12,384.23,0.9826,39.12,384.23,0.9826,39.12,411.49,0.9825,41.93
6,400.78,0.9823,40.65,384.52,0.9822,39.0,400.78,0.9823,40.65,384.52,0.9822,39.0,384.52,0.9822,39.0,384.52,0.9822,39.0,384.52,0.9822,39.0,384.52,0.9822,39.0,384.52,0.9822,39.0,409.92,0.9823,41.59
7,403.35,0.9824,41.02,383.2,0.9822,38.8,403.35,0.9824,41.02,383.2,0.9822,38.8,383.2,0.9822,38.8,383.2,0.9822,38.8,383.2,0.9822,38.8,383.2,0.9822,38.8,383.2,0.9822,38.8,409.52,0.9822,41.59
8,405.41,0.9818,41.16,385.92,0.9819,39.22,405.41,0.9818,41.16,385.92,0.9819,39.22,385.92,0.9819,39.22,385.92,0.9819,39.22,385.92,0.9819,39.22,385.92,0.9819,39.22,385.92,0.9819,39.22,411.2,0.982,41.8
9,409.77,0.9825,41.62,382.39,0.9829,39.07,402.76,0.9828,40.99,382.39,0.9829,39.07,382.39,0.9829,39.07,382.39,0.9829,39.07,382.39,0.9829,39.07,382.39,0.9829,39.07,382.39,0.9829,39.07,409.77,0.9825,41.62
10,406.83,0.9825,41.29,379.56,0.9824,38.63,406.83,0.9825,41.29,379.56,0.9824,38.63,379.56,0.9824,38.63,379.56,0.9824,38.63,379.56,0.9824,38.63,379.56,0.9824,38.63,379.56,0.9824,38.63,406.83,0.9825,41.29
11,405.05,0.9824,41.2,378.89,0.9821,38.33,405.05,0.9824,41.2,378.89,0.9821,38.33,378.89,0.9821,38.33,378.89,0.9821,38.33,378.89,0.9821,38.33,378.89,0.9821,38.33,378.89,0.9821,38.33,405.05,0.9824,41.2
12,404.12,0.9822,41.08,380.05,0.9821,38.61,404.12,0.9822,41.08,380.05,0.9821,38.61,380.05,0.9821,38.61,380.05,0.9821,38.61,380.05,0.9821,38.61,380.05,0.9821,38.61,380.05,0.9821,38.61,404.12,0.9822,41.08
13,406.46,0.9819,41.23,381.16,0.9824,38.74,406.46,0.9819,41.23,381.16,0.9824,38.74,381.16,0.9824,38.74,381.16,0.9824,38.74,381.16,0.9824,38.74,381.16,0.9824,38.74,381.16,0.9824,38.74,406.46,0.9819,41.23
14,408.57,0.9822,41.44,383.42,0.9816,38.71,408.57,0.9822,41.44,383.42,0.9816,38.71,383.42,0.9816,38.71,383.42,0.9816,38.71,383.42,0.9816,38.71,383.42,0.9816,38.71,383.42,0.9816,38.71,408.57,0.9822,41.44
15,407.92,0.9822,41.25,386.73,0.9819,39.26,407.92,0.9822,41.25,386.73,0.9819,39.26,386.73,0.9819,39.26,386.73,0.9819,39.26,386.73,0.9819,39.26,386.73,0.9819,39.26,386.73,0.9819,39.26,407.92,0.9822,41.25
16,406.17,0.9824,41.24,388.0,0.9824,39.52,406.17,0.9824,41.24,388.0,0.9824,39.52,388.0,0.9824,39.52,388.0,0.9824,39.52,388.0,0.9824,39.52,388.0,0.9824,39.52,388.0,0.9824,39.52,406.17,0.9824,41.24
17,406.23,0.9822,41.27,385.61,0.9823,39.23,406.23,0.9822,41.27,385.61,0.9823,39.23,385.61,0.9823,39.23,385.61,0.9823,39.23,385.61,0.9823,39.23,385.61,0.9823,39.23,385.61,0.9823,39.23,406.23,0.9822,41.27
18,408.5,0.9823,41.5,381.15,0.9824,38.79,408.5,0.9823,41.5,381.15,0.9824,38.79,381.15,0.9824,38.79,381.15,0.9824,38.79,381.15,0.9824,38.79,381.15,0.9824,38.79,381.15,0.9824,38.79,408.5,0.9823,41.5
19,411.31,0.9821,41.85,381.41,0.9819,38.7,411.31,0.9821,41.85,381.41,0.9819,38.7,381.41,0.9819,38.7,381.41,0.9819,38.7,381.41,0.9819,38.7,381.41,0.9819,38.7,381.41,0.9819,38.7,411.31,0.9821,41.85
20,412.35,0.982,41.81,384.19,0.9824,39.05,412.35,0.982,41.81,384.19,0.9824,39.05,384.19,0.9824,39.05,384.19,0.9824,39.05,384.19,0.9824,39.05,384.19,0.9824,39.05,384.19,0.9824,39.05,412.35,0.982,41.81
21,411.77,0.9821,41.79,383.88,0.9821,38.97,411.77,0.9821,41.79,383.88,0.9821,38.97,383.88,0.9821,38.97,383.88,0.9821,38.97,383.88,0.9821,38.97,383.88,0.9821,38.97,383.88,0.9821,38.97,411.77,0.9821,41.79
22,407.86,0.9826,41.52,381.19,0.9825,38.76,407.86,0.9826,41.52,381.19,0.9825,38.76,381.19,0.9825,38.76,381.19,0.9825,38.76,381.19,0.9825,38.76,381.19,0.9825,38.76,381.19,0.9825,38.76,407.86,0.9826,41.52
23,401.69,0.9827,40.95,384.59,0.9817,38.97,401.69,0.9827,40.95,384.59,0.9817,38.97,384.59,0.9817,38.97,384.59,0.9817,38.97,384.59,0.9817,38.97,384.59,0.9817,38.97,384.59,0.9817,38.97,401.69,0.9827,40.95
24,398.44,0.9824,40.59,384.86,0.9821,39.07,398.44,0.9824,40.59,384.86,0.9821,39.07,384.86,0.9821,39.07,384.86,0.9821,39.07,384.86,0.9821,39.07,384.86,0.9821,39.07,384.86,0.9821,39.07,398.44,0.9824,40.59
25,397.87,0.9823,40.36,386.91,0.982,39.25,397.87,0.9823,40.36,386.91,0.982,39.25,386.91,0.982,39.25,386.91,0.982,39.25,386.91,0.982,39.25,386.91,0.982,39.25,386.91,0.982,39.25,397.87,0.9823,40.36
26,398.92,0.982,40.39,386.79,0.9825,39.46,398.92,0.982,40.39,386.79,0.9825,39.46,386.79,0.9825,39.46,386.79,0.9825,39.46,386.79,0.9825,39.46,386.79,0.9825,39.46,386.79,0.9825,39.46,398.92,0.982,40.39
27,401.14,0.9821,40.67,383.14,0.9826,38.95,401.14,0.9821,40.67,383.14,0.9826,38.95,383.14,0.9826,38.95,383.14,0.9826,38.95,383.14,0.9826,38.95,383.14,0.9826,38.95,383.14,0.9826,38.95,401.14,0.9821,40.67
28,403.2,0.9823,40.84,382.52,0.9822,38.86,403.2,0.9823,40.84,382.52,0.9822,38.86,382.52,0.9822,38.86,382.52,0.9822,38.86,382.52,0.9822,38.86,382.52,0.9822,38.86,382.52,0.9822,38.86,403.2,0.9823,40.84
29,401.01,0.9824,40.7,380.32,0.9822,38.48,401.01,0.9824,40.7,380.32,0.9822,38.48,380.32,0.9822,38.48,380.32,0.9822,38.48,380.32,0.9822,38.48,380.32,0.9822,38.48,380.32,0.9822,38.48,401.01,0.9824,40.7
30,401.76,0.9822,40.81,378.72,0.9827,38.53,401.76,0.9822,40.81,378.72,0.9827,38.53,378.72,0.9827,38.53,378.72,0.9827,38.53,378.72,0.9827,38.53,378.72,0.9827,38.53,378.72,0.9827,38.53,401.76,0.9822,40.81
31,401.34,0.9824,40.72,375.98,0.9825,38.15,401.34,0.9824,40.72,375.98,0.9825,38.15,375.98,0.9825,38.15,375.98,0.9825,38.15,375.98,0.9825,38.15,375.98,0.9825,38.15,375.98,0.9825,38.15,401.34,0.9824,40.72
32,402.26,0.982,40.84,375.17,0.9818,37.98,402.26,0.982,40.84,375.17,0.9818,37.98,375.17,0.9818,37.98,375.17,0.9818,37.98,375.17,0.9818,37.98,375.17,0.9818,37.98,375.17,0.9818,37.98,402.26,0.982,40.84
33,402.43,0.9822,40.89,378.48,0.9819,38.44,402.43,0.9822,40.89,378.48,0.9819,38.44,378.48,0.9819,38.44,378.48,0.9819,38.44,378.48,0.9819,38.44,378.48,0.9819,38.44,378.48,0.9819,38.44,402.43,0.9822,40.89
34,400.88,0.9825,40.75,379.39,0.9826,38.54,400.88,0.9825,40.75,379.39,0.9826,38.54,379.39,0.9826,38.54,379.39,0.9826,38.54,379.39,0.9826,38.54,379.39,0.9826,38.54,379.39,0.9826,38.54,400.88,0.9825,40.75
35,403.95,0.982,41.08,382.21,0.9818,38.57,403.95,0.982,41.08,382.21,0.9818,38.57,382.21,0.9818,38.57,382.21,0.9818,38.57,382.21,0.9818,38.57,382.21,0.9818,38.57,382.21,0.9818,38.57,403.95,0.982,41.08
36,405.3,0.982,41.13,381.08,0.9824,38.9,405.3,0.982,41.13,381.08,0.9824,38.9,381.08,0.9824,38.9,381.08,0.9824,38.9,381.08,0.9824,38.9,381.08,0.9824,38.9,381.08,0.9824,38.9,405.3,0.982,41.13
37,405.88,0.9822,41.16,380.89,0.9824,38.79,405.88,0.9822,41.16,380.89,0.9824,38.79,380.89,0.9824,38.79,380.89,0.9824,38.79,380.89,0.9824,38.79,380.89,0.9824,38.79,380.89,0.9824,38.79,405.88,0.9822,41.16
38,406.72,0.982,41.28,380.83,0.9821,38.61,406.72,0.982,41.28,380.83,0.9821,38.61,380.83,0.9821,38.61,380.83,0.9821,38.61,380.83,0.9821,38.61,380.83,0.9821,38.61,380.83,0.9821,38.61,406.72,0.982,41.28
39,408.29,0.9821,41.51,380.76,0.9824,38.87,408.29,0.9821,41.51,380.76,0.9824,38.87,380.76,0.9824,38.87,380.76,0.9824,38.87,380.76,0.9824,38.87,380.76,0.9824,38.87,380.76,0.9824,38.87,408.29,0.9821,41.51
40,403.22,0.983,41.15,379.74,0.9822,38.56,403.22,0.983,41.15,379.74,0.9822,38.56,379.74,0.9822,38.56,379.74,0.9822,38.56,379.74,0.9822,38.56,379.74,0.9822,38.56,379.74,0.9822,38.56,403.22,0.983,41.15
41,403.31,0.9821,40.94,379.11,0.9824,38.47,403.31,0.9821,40.94,379.11,0.9824,38.47,379.11,0.9824,38.47,379.11,0.9824,38.47,379.11,0.9824,38.47,379.11,0.9824,38.47,379.11,0.9824,38.47,403.31,0.9821,40.94
42,404.64,0.9821,41.02,379.16,0.9821,38.45,404.64,0.9821,41.02,379.16,0.9821,38.45,379.16,0.9821,38.45,379.16,0.9821,38.45,379.16,0.9821,38.45,379.16,0.9821,38.45,379.16,0.9821,38.45,404.64,0.9821,41.02
43,405.59,0.9823,41.34,380.58,0.9817,38.6,405.59,0.9823,41.34,380.58,0.9817,38.6,380.58,0.9817,38.6,380.58,0.9817,38.6,380.58,0.9817,38.6,380.58,0.9817,38.6,380.58,0.9817,38.6,405.59,0.9823,41.34
44,404.7,0.9821,40.99,383.95,0.9819,38.79,404.7,0.9821,40.99,383.95,0.9819,38.79,383.95,0.9819,38.79,383.95,0.9819,38.79,383.95,0.9819,38.79,383.95,0.9819,38.79,383.95,0.9819,38.79,404.7,0.9821,40.99
45,402.21,0.9825,40.83,382.55,0.9825,38.95,402.21,0.9825,40.83,382.55,0.9825,38.95,382.55,0.9825,38.95,382.55,0.9825,38.95,382.55,0.9825,38.95,382.55,0.9825,38.95,382.55,0.9825,38.95,402.21,0.9825,40.83
46,400.98,0.9823,40.76,381.26,0.9822,38.73,400.98,0.9823,40.76,381.26,0.9822,38.73,381.26,0.9822,38.73,381.26,0.9822,38.73,381.26,0.9822,38.73,381.26,0.9822,38.73,381.26,0.9822,38.73,400.98,0.9823,40.76
47,401.76,0.9821,40.78,384.55,0.9819,38.94,401.76,0.9821,40.78,384.55,0.9819,38.94,384.55,0.9819,38.94,384.55,0.9819,38.94,384.55,0.9819,38.94,384.55,0.9819,38.94,384.55,0.9819,38.94,401.76,0.9821,40.78
48,405.35,0.9819,40.96,385.95,0.9823,39.26,405.35,0.9819,40.96,385.95,0.9823,39.26,385.95,0.9823,39.26,385.95,0.9823,39.26,385.95,0.9823,39.26,385.95,0.9823,39.26,385.95,0.9823,39.26,405.35,0.9819,40.96
49,409.77,0.9818,41.47,383.27,0.9825,38.94,409.77,0.9818,41.47,383.27,0.9825,38.94,383.27,0.9825,38.94,383.27,0.9825,38.94,383.27,0.9825,38.94,383.27,0.9825,38.94,383.27,0.9825,38.94,409.77,0.9818,41.47
50,409.27,0.9823,41.54,380.81,0.9827,38.91,409.27,0.9823,41.54,380.81,0.9827,38.91,380.81,0.9827,38.91,380.81,0.9827,38.91,380.81,0.9827,38.91,380.81,0.9827,38.91,380.81,0.9827,38.91,409.27,0.9823,41.54
51,407.75,0.9823,41.47,382.7,0.9818,38.74,407.75,0.9823,41.47,382.7,0.9818,38.74,382.7,0.9818,38.74,382.7,0.9818,38.74,382.7,0.9818,38.74,382.7,0.9818,38.74,382.7,0.9818,38.74,407.75,0.9823,41.47
52,409.66,0.9822,41.61,383.3,0.9823,38.82,409.66,0.9822,41.61,383.3,0.9823,38.82,383.3,0.9823,38.82,383.3,0.9823,38.82,383.3,0.9823,38.82,383.3,0.9823,38.82,383.3,0.9823,38.82,409.66,0.9822,41.61
53,408.46,0.9823,41.52,386.19,0.9815,39.14,408.46,0.9823,41.52,386.19,0.9815,39.14,386.19,0.9815,39.14,386.19,0.9815,39.14,386.19,0.9815,39.14,386.19,0.9815,39.14,386.19,0.9815,39.14,408.46,0.9823,41.52
54,407.04,0.9822,41.41,391.07,0.9818,39.47,407.04,0.9822,41.41,391.07,0.9818,39.47,391.07,0.9818,39.47,391.07,0.9818,39.47,391.07,0.9818,39.47,391.07,0.9818,39.47,391.07,0.9818,39.47,407.04,0.9822,41.41
55,405.14,0.9827,41.29,389.03,0.9825,39.55,405.14,0.9827,41.29,389.03,0.9825,39.55,389.03,0.9825,39.55,389.03,0.9825,39.55,389.03,0.9825,39.55,389.03,0.9825,39.55,389.03,0.9825,39.55,405.14,0.9827,41.29
56,405.21,0.9822,41.16,386.65,0.9825,39.48,405.21,0.9822,41.16,386.65,0.9825,39.48,386.65,0.9825,39.48,386.65,0.9825,39.48,386.65,0.9825,39.48,386.65,0.9825,39.48,386.65,0.9825,39.48,405.21,0.9822,41.16
57,406.67,0.9821,41.25,386.03,0.9824,39.36,406.67,0.9821,41.25,386.03,0.9824,39.36,386.03,0.9824,39.36,386.03,0.9824,39.36,386.03,0.9824,39.36,386.03,0.9824,39.36,386.03,0.9824,39.36,406.67,0.9821,41.25
58,405.7,0.9822,41.2,380.59,0.9826,38.86,405.7,0.9822,41.2,380.59,0.9826,38.86,380.59,0.9826,38.86,380.59,0.9826,38.86,380.59,0.9826,38.86,380.59,0.9826,38.86,380.59,0.9826,38.86,405.7,0.9822,41.2
59,401.98,0.9825,40.82,378.45,0.9823,38.55,401.98,0.9825,40.82,378.45,0.9823,38.55,378.45,0.9823,38.55,378.45,0.9823,38.55,378.45,0.9823,38.55,378.45,0.9823,38.55,378.45,0.9823,38.55,401.98,0.9825,40.82
60,402.4,0.9823,40.96,375.3,0.9828,38.19,402.4,0.9823,40.96,375.3,0.9828,38.19,375.3,0.9828,38.19,375.3,0.9828,38.19,375.3,0.9828,38.19,375.3,0.9828,38.19,375.3,0.9828,38.19,402.4,0.9823,40.96
61,400.95,0.9823,40.74,379.02,0.9817,38.23,400.95,0.9823,40.74,379.02,0.9817,38.23,379.02,0.9817,38.23,379.02,0.9817,38.23,379.02,0.9817,38.23,379.02,0.9817,38.23,379.02,0.9817,38.23,400.95,0.9823,40.74
62,402.0,0.9819,40.76,380.21,0.982,38.58,402.0,0.9819,40.76,380.21,0.982,38.58,380.21,0.982,38.58,380.21,0.982,38.58,380.21,0.982,38.58,380.21,0.982,38.58,380.21,0.982,38.58,402.0,0.9819,40.76
63,400.54,0.9822,40.66,381.89,0.9821,38.66,400.54,0.9822,40.66,381.89,0.9821,38.66,381.89,0.9821,38.66,381.89,0.9821,38.66,381.89,0.9821,38.66,381.89,0.9821,38.66,381.89,0.9821,38.66,400.54,0.9822,40.66
64,400.68,0.982,40.61,381.46,0.9825,38.86,400.68,0.982,40.61,381.46,0.9825,38.86,381.46,0.9825,38.86,381.46,0.9825,38.86,381.46,0.9825,38.86,381.46,0.9825,38.86,381.46,0.9825,38.86,400.68,0.982,40.61
65,401.43,0.9822,40.73,383.57,0.9816,38.83,401.43,0.9822,40.73,383.57,0.9816,38.83,383.57,0.9816,38.83,383.57,0.9816,38.83,383.57,0.9816,38.83,383.57,0.9816,38.83,383.57,0.9816,38.83,401.43,0.9822,40.73
66,404.15,0.9822,41.13,385.9,0.9822,39.25,404.15,0.9822,41.13,385.9,0.9822,39.25,385.9,0.9822,39.25,385.9,0.9822,39.25,385.9,0.9822,39.25,385.9,0.9822,39.25,385.9,0.9822,39.25,404.15,0.9822,41.13
67,403.62,0.9821,40.97,384.03,0.9825,39.11,403.62,0.9821,40.97,384.03,0.9825,39.11,384.03,0.9825,39.11,384.03,0.9825,39.11,384.03,0.9825,39.11,384.03,0.9825,39.11,384.03,0.9825,39.11,403.62,0.9821,40.97
68,402.26,0.9824,40.89,384.69,0.982,39.04,402.26,0.9824,40.89,384.69,0.982,39.04,384.69,0.982,39.04,384.69,0.982,39.04,384.69,0.982,39.04,384.69,0.982,39.04,384.69,0.982,39.04,402.26,0.9824,40.89
69,405.12,0.9819,41.03,384.84,0.9823,39.07,405.12,0.9819,41.03,384.84,0.9823,39.07,384.84,0.9823,39.07,384.84,0.9823,39.07,384.84,0.9823,39.07,384.84,0.9823,39.07,384.84,0.9823,39.07,405.12,0.9819,41.03
70,407.28,0.9822,41.45,383.84,0.982,38.8,407.28,0.9822,41.45,383.84,0.982,38.8,383.84,0.982,38.8,383.84,0.982,38.8,383.84,0.982,38.8,383.84,0.982,38.8,383.84,0.982,38.8,407.28,0.9822,41.45
71,405.93,0.9824,41.25,384.4,0.9824,39.05,405.93,0.9824,41.25,384.4,0.9824,39.05,384.4,0.9824,39.05,384.4,0.9824,39.05,384.4,0.9824,39.05,384.4,0.9824,39.05,384.4,0.9824,39.05,405.93,0.9824,41.25
72,405.72,0.982,41.07,384.22,0.9822,39.16,405.72,0.982,41.07,384.22,0.9822,39.16,384.22,0.9822,39.16,384.22,0.9822,39.16,384.22,0.9822,39.16,384.22,0.9822,39.16,384.22,0.9822,39.16,405.72,0.982,41.07
73,406.74,0.9822,41.24,384.57,0.9823,39.08,406.74,0.9822,41.24,384.57,0.9823,39.08,384.57,0.9823,39.08,384.57,0.9823,39.08,384.57,0.9823,39.08,384.57,0.9823,39.08,384.57,0.9823,39.08,406.74,0.9822,41.24
74,406.97,0.9822,41.28,387.43,0.9822,39.4,406.97,0.9822,41.28,387.43,0.9822,39.4,387.43,0.9822,39.4,387.43,0.9822,39.4,387.43,0.9822,39.4,387.43,0.9822,39.4,387.43,0.9822,39.4,406.97,0.9822,41.28
75,408.56,0.9822,41.42,388.32,0.982,39.41,408.56,0.9822,41.42,388.32,0.982,39.41,388.32,0.982,39.41,388.32,0.982,39.41,388.32,0.982,39.41,388.32,0.982,39.41,388.32,0.982,39.41,408.56,0.9822,41.42
76,410.16,0.982,41.52,383.38,0.9828,39.18,410.16,0.982,41.52,383.38,0.9828,39.18,383.38,0.9828,39.18,383.38,0.9828,39.18,383.38,0.9828,39.18,383.38,0.9828,39.18,383.38,0.9828,39.18,410.16,0.982,41.52
77,409.13,0.9824,41.77,385.09,0.9819,39.01,409.13,0.9824,41.77,385.09,0.9819,39.01,385.09,0.9819,39.01,385.09,0.9819,39.01,385.09,0.9819,39.01,385.09,0.9819,39.01,385.09,0.9819,39.01,409.13,0.9824,41.77
78,406.51,0.9825,41.35,387.63,0.982,39.43,406.51,0.9825,41.35,387.63,0.982,39.43,387.63,0.982,39.43,387.63,0.982,39.43,387.63,0.982,39.43,387.63,0.982,39.43,387.63,0.982,39.43,406.51,0.9825,41.35
79,406.02,0.9821,41.27,391.18,0.9819,39.61,406.02,0.9821,41.27,391.18,0.9819,39.61,391.18,0.9819,39.61,391.18,0.9819,39.61,391.18,0.9819,39.61,391.18,0.9819,39.61,391.18,0.9819,39.61,406.02,0.9821,41.27
80,402.93,0.9824,41.01,392.22,0.9822,39.86,402.93,0.9824,41.01,392.22,0.9822,39.86,392.22,0.9822,39.86,392.22,0.9822,39.86,392.22,0.9822,39.86,392.22,0.9822,39.86,392.22,0.9822,39.86,402.93,0.9824,41.01
81,402.63,0.9824,40.89,392.25,0.9823,39.87,402.63,0.9824,40.89,392.25,0.9823,39.87,392.25,0.9823,39.87,392.25,0.9823,39.87,392.25,0.9823,39.87,392.25,0.9823,39.87,392.25,0.9823,39.87,402.63,0.9824,40.89
82,402.5,0.9822,40.78,388.7,0.9829,39.54,402.5,0.9822,40.78,388.7,0.9829,39.54,388.7,0.9829,39.54,388.7,0.9829,39.54,388.7,0.9829,39.54,388.7,0.9829,39.54,388.7,0.9829,39.54,402.5,0.9822,40.78
83,402.95,0.9821,40.9,381.74,0.983,38.88,402.95,0.9821,40.9,381.74,0.983,38.88,381.74,0.983,38.88,381.74,0.983,38.88,381.74,0.983,38.88,381.74,0.983,38.88,381.74,0.983,38.88,402.95,0.9821,40.9
84,402.16,0.9821,40.74,382.29,0.9815,38.47,402.16,0.9821,40.74,382.29,0.9815,38.47,382.29,0.9815,38.47,382.29,0.9815,38.47,382.29,0.9815,38.47,382.29,0.9815,38.47,382.29,0.9815,38.47,402.16,0.9821,40.74
85,402.3,0.9824,40.92,386.95,0.9819,39.32,402.3,0.9824,40.92,386.95,0.9819,39.32,386.95,0.9819,39.32,386.95,0.9819,39.32,386.95,0.9819,39.32,386.95,0.9819,39.32,386.95,0.9819,39.32,402.3,0.9824,40.92
86,403.98,0.9822,41.1,384.27,0.9828,39.16,403.98,0.9822,41.1,384.27,0.9828,39.16,384.27,0.9828,39.16,384.27,0.9828,39.16,384.27,0.9828,39.16,384.27,0.9828,39.16,384.27,0.9828,39.16,403.98,0.9822,41.1
87,407.5,0.9818,41.23,383.06,0.982,38.97,407.5,0.9818,41.23,383.06,0.982,38.97,383.06,0.982,38.97,383.06,0.982,38.97,383.06,0.982,38.97,383.06,0.982,38.97,383.06,0.982,38.97,407.5,0.9818,41.23
88,408.59,0.9822,41.51,383.43,0.9821,38.85,408.59,0.9822,41.51,383.43,0.9821,38.85,383.43,0.9821,38.85,383.43,0.9821,38.85,383.43,0.9821,38.85,383.43,0.9821,38.85,383.43,0.9821,38.85,408.59,0.9822,41.51
89,406.01,0.9824,41.23,383.7,0.9821,38.9,406.01,0.9824,41.23,383.7,0.9821,38.9,383.7,0.9821,38.9,383.7,0.9821,38.9,383.7,0.9821,38.9,383.7,0.9821,38.9,383.7,0.9821,38.9,406.01,0.9824,41.23
90,405.11,0.9822,41.17,384.9,0.9821,38.93,405.11,0.9822,41.17,384.9,0.9821,38.93,384.9,0.9821,38.93,384.9,0.9821,38.93,384.9,0.9821,38.93,384.9,0.9821,38.93,384.9,0.9821,38.93,405.11,0.9822,41.17
91,405.52,0.9821,41.11,387.53,0.9821,39.42,405.52,0.9821,41.11,387.53,0.9821,39.42,387.53,0.9821,39.42,387.53,0.9821,39.42,387.53,0.9821,39.42,387.53,0.9821,39.42,387.53,0.9821,39.42,405.52,0.9821,41.11
92,404.83,0.9824,41.09,381.58,0.9826,38.95,404.83,0.9824,41.09,381.58,0.9826,38.95,381.58,0.9826,38.95,381.58,0.9826,38.95,381.58,0.9826,38.95,381.58,0.9826,38.95,381.58,0.9826,38.95,404.83,0.9824,41.09
93,403.38,0.9825,41.07,377.8,0.9821,38.33,403.38,0.9825,41.07,377.8,0.9821,38.33,377.8,0.9821,38.33,377.8,0.9821,38.33,377.8,0.9821,38.33,377.8,0.9821,38.33,377.8,0.9821,38.33,403.38,0.9825,41.07
94,402.55,0.9824,41.03,377.73,0.9826,38.42,402.55,0.9824,41.03,377.73,0.9826,38.42,377.73,0.9826,38.42,377.73,0.9826,38.42,377.73,0.9826,38.42,377.73,0.9826,38.42,377.73,0.9826,38.42,402.55,0.9824,41.03
95,401.83,0.9823,40.87,382.9,0.9818,38.81,401.83,0.9823,40.87,382.9,0.9818,38.81,382.9,0.9818,38.81,382.9,0.9818,38.81,382.9,0.9818,38.81,382.9,0.9818,38.81,382.9,0.9818,38.81,401.83,0.9823,40.87
96,399.14,0.9823,40.53,385.81,0.982,39.06,399.14,0.9823,40.53,385.81,0.982,39.06,385.81,0.982,39.06,385.81,0.982,39.06,385.81,0.982,39.06,385.81,0.982,39.06,385.81,0.982,39.06,399.14,0.9823,40.53
97,399.17,0.9822,40.45,386.98,0.9826,39.38,399.17,0.9822,40.45,386.98,0.9826,39.38,386.98,0.9826,39.38,386.98,0.9826,39.38,386.98,0.9826,39.38,386.98,0.9826,39.38,386.98,0.9826,39.38,399.17,0.9822,40.45
98,401.27,0.9818,40.62,384.49,0.9823,39.12,401.27,0.9818,40.62,384.49,0.9823,39.12,384.49,0.9823,39.12,384.49,0.9823,39.12,384.49,0.9823,39.12,384.49,0.9823,39.12,384.49,0.9823,39.12,401.27,0.9818,40.62
99,401.19,0.9821,40.62,384.21,0.9819,38.81,401.19,0.9821,40.62,384.21,0.9819,38.81,384.21,0.9819,38.81,384.21,0.9819,38.81,384.21,0.9819,38.81,384.21,0.9819,38.81,384.21,0.9819,38.81,401.19,0.9821,40.62
100,403.97,0.9821,40.94,384.83,0.9821,38.89,403.97,0.9821,40.94,384.83,0.9821,38.89,384.83,0.9821,38.89,384.83,0.9821,38.89,384.83,0.9821,38.89,384.83,0.9821,38.89,384.83,0.9821,38.89,403.97,0.9821,40.94
101,406.06,0.9823,41.22,383.84,0.9826,39.23,406.06,0.9823,41.22,383.84,0.9826,39.23,383.84,0.9826,39.23,383.84,0.9826,39.23,383.84,0.9826,39.23,383.84,0.9826,39.23,383.84,0.9826,39.23,406.06,0.9823,41.22
102,405.76,0.9823,41.41,384.8,0.982,39.11,405.76,0.9823,41.41,384.8,0.982,39.11,384.8,0.982,39.11,384.8,0.982,39.11,384.8,0.982,39.11,384.8,0.982,39.11,384.8,0.982,39.11,405.76,0.9823,41.41
103,406.36,0.9821,41.2,383.34,0.9825,39.07,406.36,0.9821,41.2,383.34,0.9825,39.07,383.34,0.9825,39.07,383.34,0.9825,39.07,383.34,0.9825,39.07,383.34,0.9825,39.07,383.34,0.9825,39.07,406.36,0.9821,41.2
104,404.99,0.9824,41.12,385.22,0.9818,38.98,404.99,0.9824,41.12,385.22,0.9818,38.98,385.22,0.9818,38.98,385.22,0.9818,38.98,385.22,0.9818,38.98,385.22,0.9818,38.98,385.22,0.9818,38.98,404.99,0.9824,41.12
105,405.77,0.9819,41.12,384.22,0.9823,39.2,405.77,0.9819,41.12,384.22,0.9823,39.2,384.22,0.9823,39.2,384.22,0.9823,39.2,384.22,0.9823,39.2,384.22,0.9823,39.2,384.22,0.9823,39.2,405.77,0.9819,41.12
106,407.41,0.9821,41.24,383.14,0.9824,38.93,407.41,0.9821,41.24,383.14,0.9824,38.93,383.14,0.9824,38.93,383.14,0.9824,38.93,383.14,0.9824,38.93,383.14,0.9824,38.93,383.14,0.9824,38.93,407.41,0.9821,41.24
107,408.64,0.982,41.53,382.5,0.982,38.75,408.64,0.982,41.53,382.5,0.982,38.75,382.5,0.982,38.75,382.5,0.982,38.75,382.5,0.982,38.75,382.5,0.982,38.75,382.5,0.982,38.75,408.64,0.982,41.53
108,406.96,0.9826,41.35,382.08,0.9824,38.78,406.96,0.9826,41.35,382.08,0.9824,38.78,382.08,0.9824,38.78,382.08,0.9824,38.78,382.08,0.9824,38.78,382.08,0.9824,38.78,382.08,0.9824,38.78,406.96,0.9826,41.35
109,405.56,0.9823,41.19,382.98,0.982,38.79,405.56,0.9823,41.19,382.98,0.982,38.79,382.98,0.982,38.79,382.98,0.982,38.79,382.98,0.982,38.79,382.98,0.982,38.79,382.98,0.982,38.79,405.56,0.9823,41.19
110,404.44,0.9824,41.09,383.61,0.9821,38.86,404.44,0.9824,41.09,383.61,0.9821,38.86,383.61,0.9821,38.86,383.61,0.9821,38.86,383.61,0.9821,38.86,383.61,0.9821,38.86,383.61,0.9821,38.86,404.44,0.9824,41.09
111,406.34,0.9822,41.19,382.4,0.9826,38.9,406.34,0.9822,41.19,382.4,0.9826,38.9,382.4,0.9826,38.9,382.4,0.9826,38.9,382.4,0.9826,38.9,382.4,0.9826,38.9,382.4,0.9826,38.9,406.34,0.9822,41.19
112,406.92,0.9824,41.39,387.62,0.9815,39.23,406.92,0.9824,41.39,387.62,0.9815,39.23,387.62,0.9815,39.23,387.62,0.9815,39.23,387.62,0.9815,39.23,387.62,0.9815,39.23,387.62,0.9815,39.23,406.92,0.9824,41.39
113,407.72,0.9821,41.3,388.51,0.9822,39.45,407.72,0.9821,41.3,388.51,0.9822,39.45,388.51,0.9822,39.45,388.51,0.9822,39.45,388.51,0.9822,39.45,388.51,0.9822,39.45,388.51,0.9822,39.45,407.72,0.9821,41.3
114,406.5,0.9825,41.33,387.0,0.9825,39.43,406.5,0.9825,41.33,387.0,0.9825,39.43,387.0,0.9825,39.43,387.0,0.9825,39.43,387.0,0.9825,39.43,387.0,0.9825,39.43,387.0,0.9825,39.43,406.5,0.9825,41.33
115,404.89,0.9824,41.16,384.85,0.9822,39.09,404.89,0.9824,41.16,384.85,0.9822,39.09,384.85,0.9822,39.09,384.85,0.9822,39.09,384.85,0.9822,39.09,384.85,0.9822,39.09,384.85,0.9822,39.09,404.89,0.9824,41.16
116,404.27,0.9823,41.09,384.65,0.982,38.93,404.27,0.9823,41.09,384.65,0.982,38.93,384.65,0.982,38.93,384.65,0.982,38.93,384.65,0.982,38.93,384.65,0.982,38.93,384.65,0.982,38.93,404.27,0.9823,41.09
117,404.21,0.982,41.01,383.35,0.9825,38.84,404.21,0.982,41.01,383.35,0.9825,38.84,383.35,0.9825,38.84,383.35,0.9825,38.84,383.35,0.9825,38.84,383.35,0.9825,38.84,383.35,0.9825,38.84,404.21,0.982,41.01
118,404.38,0.9822,40.96,384.71,0.982,39.04,404.38,0.9822,40.96,384.71,0.982,39.04,384.71,0.982,39.04,384.71,0.982,39.04,384.71,0.982,39.04,384.71,0.982,39.04,384.71,0.982,39.04,404.38,0.9822,40.96
119,406.08,0.9823,41.23,387.32,0.9821,39.4,406.08,0.9823,41.23,387.32,0.9821,39.4,387.32,0.9821,39.4,387.32,0.9821,39.4,387.32,0.9821,39.4,387.32,0.9821,39.4,387.32,0.9821,39.4,406.08,0.9823,41.23
120,408.26,0.9819,41.39,389.82,0.982,39.53,408.26,0.9819,41.39,389.82,0.982,39.53,389.82,0.982,39.53,389.82,0.982,39.53,389.82,0.982,39.53,389.82,0.982,39.53,389.82,0.982,39.53,408.26,0.9819,41.39
121,405.8,0.9828,41.43,385.66,0.9827,39.43,405.8,0.9828,41.43,385.66,0.9827,39.43,385.66,0.9827,39.43,385.66,0.9827,39.43,385.66,0.9827,39.43,385.66,0.9827,39.43,385.66,0.9827,39.43,405.8,0.9828,41.43
122,406.68,0.982,41.27,383.75,0.9824,39.0,406.68,0.982,41.27,383.75,0.9824,39.0,383.75,0.9824,39.0,383.75,0.9824,39.0,383.75,0.9824,39.0,383.75,0.9824,39.0,383.75,0.9824,39.0,406.68,0.982,41.27
123,403.84,0.9825,41.2,381.08,0.9824,38.73,403.84,0.9825,41.2,381.08,0.9824,38.73,381.08,0.9824,38.73,381.08,0.9824,38.73,381.08,0.9824,38.73,381.08,0.9824,38.73,381.08,0.9824,38.73,403.84,0.9825,41.2
124,401.72,0.9823,40.83,380.75,0.9819,38.49,401.72,0.9823,40.83,380.75,0.9819,38.49,380.75,0.9819,38.49,380.75,0.9819,38.49,380.75,0.9819,38.49,380.75,0.9819,38.49,380.75,0.9819,38.49,401.72,0.9823,40.83
125,401.06,0.9822,40.73,382.23,0.9821,38.74,401.06,0.9822,40.73,382.23,0.9821,38.74,382.23,0.9821,38.74,382.23,0.9821,38.74,382.23,0.9821,38.74,382.23,0.9821,38.74,382.23,0.9821,38.74,401.06,0.9822,40.73
126,403.54,0.982,40.99,381.86,0.9821,38.75,403.54,0.982,40.99,381.86,0.9821,38.75,381.86,0.9821,38.75,381.86,0.9821,38.75,381.86,0.9821,38.75,381.86,0.9821,38.75,381.86,0.9821,38.75,403.54,0.982,40.99
127,402.47,0.9823,40.88,380.66,0.9824,38.77,402.47,0.9823,40.88,380.66,0.9824,38.77,380.66,0.9824,38.77,380.66,0.9824,38.77,380.66,0.9824,38.77,380.66,0.9824,38.77,380.66,0.9824,38.77,402.47,0.9823,40.88
128,404.23,0.9819,40.89,384.09,0.9817,38.94,404.23,0.9819,40.89,384.09,0.9817,38.94,384.09,0.9817,38.94,384.09,0.9817,38.94,384.09,0.9817,38.94,384.09,0.9817,38.94,384.09,0.9817,38.94,404.23,0.9819,40.89
129,404.63,0.9825,41.1,384.79,0.9822,39.01,404.63,0.9825,41.1,384.79,0.9822,39.01,384.79,0.9822,39.01,384.79,0.9822,39.01,384.79,0.9822,39.01,384.79,0.9822,39.01,384.79,0.9822,39.01,404.63,0.9825,41.1
130,407.81,0.9819,41.35,384.49,0.9824,39.05,407.81,0.9819,41.35,384.49,0.9824,39.05,384.49,0.9824,39.05,384.49,0.9824,39.05,384.49,0.9824,39.05,384.49,0.9824,39.05,384.49,0.9824,39.05,407.81,0.9819,41.35
131,409.18,0.982,41.48,384.37,0.9822,39.01,409.18,0.982,41.48,384.37,0.9822,39.01,384.37,0.9822,39.01,384.37,0.9822,39.01,384.37,0.9822,39.01,384.37,0.9822,39.01,384.37,0.9822,39.01,409.18,0.982,41.48
132,408.55,0.9824,41.56,384.36,0.9823,38.9,408.55,0.9824,41.56,384.36,0.9823,38.9,384.36,0.9823,38.9,384.36,0.9823,38.9,384.36,0.9823,38.9,384.36,0.9823,38.9,384.36,0.9823,38.9,408.55,0.9824,41.56
133,408.26,0.9821,41.46,387.58,0.982,39.29,408.26,0.9821,41.46,387.58,0.982,39.29,387.58,0.982,39.29,387.58,0.982,39.29,387.58,0.982,39.29,387.58,0.982,39.29,387.58,0.982,39.29,408.26,0.9821,41.46
134,408.19,0.9823,41.42,388.63,0.9822,39.56,408.19,0.9823,41.42,388.63,0.9822,39.56,388.63,0.9822,39.56,388.63,0.9822,39.56,388.63,0.9822,39.56,388.63,0.9822,39.56,388.63,0.9822,39.56,408.19,0.9823,41.42
135,407.64,0.9821,41.49,387.16,0.9822,39.2,407.64,0.9821,41.49,387.16,0.9822,39.2,387.16,0.9822,39.2,387.16,0.9822,39.2,387.16,0.9822,39.2,387.16,0.9822,39.2,387.16,0.9822,39.2,407.64,0.9821,41.49
136,407.81,0.9823,41.49,388.3,0.982,39.2,407.81,0.9823,41.49,388.3,0.982,39.2,388.3,0.982,39.2,388.3,0.982,39.2,388.3,0.982,39.2,388.3,0.982,39.2,388.3,0.982,39.2,407.81,0.9823,41.49
137,405.64,0.9825,41.24,387.29,0.9824,39.4,405.64,0.9825,41.24,387.29,0.9824,39.4,387.29,0.9824,39.4,387.29,0.9824,39.4,387.29,0.9824,39.4,387.29,0.9824,39.4,387.29,0.9824,39.4,405.64,0.9825,41.24
138,406.03,0.9822,41.17,385.91,0.9826,39.27,406.03,0.9822,41.17,385.91,0.9826,39.27,385.91,0.9826,39.27,385.91,0.9826,39.27,385.91,0.9826,39.27,385.91,0.9826,39.27,385.91,0.9826,39.27,406.03,0.9822,41.17
139,405.92,0.9822,41.26,380.73,0.9826,38.77,405.92,0.9822,41.26,380.73,0.9826,38.77,380.73,0.9826,38.77,380.73,0.9826,38.77,380.73,0.9826,38.77,380.73,0.9826,38.77,380.73,0.9826,38.77,405.92,0.9822,41.26
140,402.69,0.9827,41.03,382.75,0.9818,38.72,402.69,0.9827,41.03,382.75,0.9818,38.72,382.75,0.9818,38.72,382.75,0.9818,38.72,382.75,0.9818,38.72,382.75,0.9818,38.72,382.75,0.9818,38.72,402.69,0.9827,41.03
141,400.94,0.9821,40.61,383.44,0.9825,39.06,400.94,0.9821,40.61,383.44,0.9825,39.06,383.44,0.9825,39.06,383.44,0.9825,39.06,383.44,0.9825,39.06,383.44,0.9825,39.06,383.44,0.9825,39.06,400.94,0.9821,40.61
142,403.1,0.9819,40.83,381.4,0.9826,38.93,403.1,0.9819,40.83,381.4,0.9826,38.93,381.4,0.9826,38.93,381.4,0.9826,38.93,381.4,0.9826,38.93,381.4,0.9826,38.93,381.4,0.9826,38.93,403.1,0.9819,40.83
143,403.81,0.9823,41.03,381.97,0.9821,38.89,403.81,0.9823,41.03,381.97,0.9821,38.89,381.97,0.9821,38.89,381.97,0.9821,38.89,381.97,0.9821,38.89,381.97,0.9821,38.89,381.97,0.9821,38.89,403.81,0.9823,41.03
144,404.96,0.9821,41.07,384.65,0.9819,38.98,404.96,0.9821,41.07,384.65,0.9819,38.98,384.65,0.9819,38.98,384.65,0.9819,38.98,384.65,0.9819,38.98,384.65,0.9819,38.98,384.65,0.9819,38.98,404.96,0.9821,41.07
145,406.41,0.9821,41.18,389.67,0.9816,39.5,406.41,0.9821,41.18,389.67,0.9816,39.5,389.67,0.9816,39.5,389.67,0.9816,39.5,389.67,0.9816,39.5,389.67,0.9816,39.5,389.67,0.9816,39.5,406.41,0.9821,41.18
146,403.79,0.9826,41.15,390.1,0.9824,39.6,403.79,0.9826,41.15,390.1,0.9824,39.6,390.1,0.9824,39.6,390.1,0.9824,39.6,390.1,0.9824,39.6,390.1,0.9824,39.6,390.1,0.9824,39.6,403.79,0.9826,41.15
147,403.91,0.9821,41.09,391.12,0.982,39.67,403.91,0.9821,41.09,391.12,0.982,39.67,391.12,0.982,39.67,391.12,0.982,39.67,391.12,0.982,39.67,391.12,0.982,39.67,391.12,0.982,39.67,403.91,0.9821,41.09
148,405.1,0.9821,41.08,390.1,0.9826,39.72,405.1,0.9821,41.08,390.1,0.9826,39.72,390.1,0.9826,39.72,390.1,0.9826,39.72,390.1,0.9826,39.72,390.1,0.9826,39.72,390.1,0.9826,39.72,405.1,0.9821,41.08
149,405.41,0.9822,41.22,391.77,0.9814,39.48,405.41,0.9822,41.22,391.77,0.9814,39.48,391.77,0.9814,39.48,391.77,0.9814,39.48,391.77,0.9814,39.48,391.77,0.9814,39.48,391.77,0.9814,39.48,405.41,0.9822,41.22
150,406.85,0.9822,41.34,387.9,0.9827,39.4,406.85,0.9822,41.34,387.9,0.9827,39.4,387.9,0.9827,39.4,387.9,0.9827,39.4,387.9,0.9827,39.4,387.9,0.9827,39.4,387.9,0.9827,39.4,406.85,0.9822,41.34
151,406.8,0.9822,41.24,388.25,0.9823,39.61,406.8,0.9822,41.24,388.25,0.9823,39.61,388.25,0.9823,39.61,388.25,0.9823,39.61,388.25,0.9823,39.61,388.25,0.9823,39.61,388.25,0.9823,39.61,406.8,0.9822,41.24
152,404.43,0.9827,41.22,389.37,0.9824,39.63,404.43,0.9827,41.22,389.37,0.9824,39.63,389.37,0.9824,39.63,389.37,0.9824,39.63,389.37,0.9824,39.63,389.37,0.9824,39.63,389.37,0.9824,39.63,404.43,0.9827,41.22
153,405.43,0.9819,41.01,386.24,0.9826,39.3,405.43,0.9819,41.01,386.24,0.9826,39.3,386.24,0.9826,39.3,386.24,0.9826,39.3,386.24,0.9826,39.3,386.24,0.9826,39.3,386.24,0.9826,39.3,405.43,0.9819,41.01
154,405.26,0.9821,41.1,381.36,0.9826,38.62,405.26,0.9821,41.1,381.36,0.9826,38.62,381.36,0.9826,38.62,381.36,0.9826,38.62,381.36,0.9826,38.62,381.36,0.9826,38.62,381.36,0.9826,38.62,405.26,0.9821,41.1
155,407.0,0.9821,41.32,382.37,0.9817,38.73,407.0,0.9821,41.32,382.37,0.9817,38.73,382.37,0.9817,38.73,382.37,0.9817,38.73,382.37,0.9817,38.73,382.37,0.9817,38.73,382.37,0.9817,38.73,407.0,0.9821,41.32
156,408.28,0.982,41.48,379.2,0.9823,38.58,408.28,0.982,41.48,379.2,0.9823,38.58,379.2,0.9823,38.58,379.2,0.9823,38.58,379.2,0.9823,38.58,379.2,0.9823,38.58,379.2,0.9823,38.58,408.28,0.982,41.48
157,406.69,0.9824,41.48,382.27,0.9819,38.59,406.69,0.9824,41.48,382.27,0.9819,38.59,382.27,0.9819,38.59,382.27,0.9819,38.59,382.27,0.9819,38.59,382.27,0.9819,38.59,382.27,0.9819,38.59,406.69,0.9824,41.48
158,408.25,0.9822,41.43,381.49,0.9822,38.68,408.25,0.9822,41.43,381.49,0.9822,38.68,381.49,0.9822,38.68,381.49,0.9822,38.68,381.49,0.9822,38.68,381.49,0.9822,38.68,381.49,0.9822,38.68,408.25,0.9822,41.43
159,409.88,0.9822,41.65,382.71,0.9819,38.91,409.88,0.9822,41.65,382.71,0.9819,38.91,382.71,0.9819,38.91,382.71,0.9819,38.91,382.71,0.9819,38.91,382.71,0.9819,38.91,382.71,0.9819,38.91,409.88,0.9822,41.65
160,410.67,0.9822,41.68,383.76,0.9823,39.06,410.67,0.9822,41.68,383.76,0.9823,39.06,383.76,0.9823,39.06,383.76,0.9823,39.06,383.76,0.9823,39.06,383.76,0.9823,39.06,383.76,0.9823,39.06,410.67,0.9822,41.68
161,410.77,0.9822,41.68,381.74,0.9828,38.95,410.77,0.9822,41.68,381.74,0.9828,38.95,381.74,0.9828,38.95,381.74,0.9828,38.95,381.74,0.9828,38.95,381.74,0.9828,38.95,381.74,0.9828,38.95,410.77,0.9822,41.68
162,411.56,0.982,41.78,384.05,0.9818,38.76,411.56,0.982,41.78,384.05,0.9818,38.76,384.05,0.9818,38.76,384.05,0.9818,38.76,384.05,0.9818,38.76,384.05,0.9818,38.76,384.05,0.9818,38.76,411.56,0.982,41.78
163,412.95,0.982,42.0,382.25,0.9827,38.87,412.95,0.982,42.0,382.25,0.9827,38.87,382.25,0.9827,38.87,382.25,0.9827,38.87,382.25,0.9827,38.87,382.25,0.9827,38.87,382.25,0.9827,38.87,412.95,0.982,42.0
164,410.94,0.9824,41.71,378.31,0.9826,38.51,410.94,0.9824,41.71,378.31,0.9826,38.51,378.31,0.9826,38.51,378.31,0.9826,38.51,378.31,0.9826,38.51,378.31,0.9826,38.51,378.31,0.9826,38.51,410.94,0.9824,41.71
165,411.52,0.9822,41.81,381.28,0.9817,38.56,411.52,0.9822,41.81,381.28,0.9817,38.56,381.28,0.9817,38.56,381.28,0.9817,38.56,381.28,0.9817,38.56,381.28,0.9817,38.56,381.28,0.9817,38.56,411.52,0.9822,41.81
166,410.22,0.9823,41.69,382.2,0.9824,38.9,410.22,0.9823,41.69,382.2,0.9824,38.9,382.2,0.9824,38.9,382.2,0.9824,38.9,382.2,0.9824,38.9,382.2,0.9824,38.9,382.2,0.9824,38.9,410.22,0.9823,41.69
167,408.13,0.9825,41.57,382.26,0.9819,38.66,408.13,0.9825,41.57,382.26,0.9819,38.66,382.26,0.9819,38.66,382.26,0.9819,38.66,382.26,0.9819,38.66,382.26,0.9819,38.66,382.26,0.9819,38.66,408.13,0.9825,41.57
168,406.83,0.9823,41.34,384.37,0.9821,39.04,406.83,0.9823,41.34,384.37,0.9821,39.04,384.37,0.9821,39.04,384.37,0.9821,39.04,384.37,0.9821,39.04,384.37,0.9821,39.04,384.37,0.9821,39.04,406.83,0.9823,41.34
169,405.19,0.9825,41.21,386.4,0.9822,39.28,405.19,0.9825,41.21,386.4,0.9822,39.28,386.4,0.9822,39.28,386.4,0.9822,39.28,386.4,0.9822,39.28,386.4,0.9822,39.28,386.4,0.9822,39.28,405.19,0.9825,41.21
170,406.16,0.9822,41.19,386.56,0.9817,39.28,406.16,0.9822,41.19,386.56,0.9817,39.28,386.56,0.9817,39.28,386.56,0.9817,39.28,386.56,0.9817,39.28,386.56,0.9817,39.28,386.56,0.9817,39.28,406.16,0.9822,41.19
171,406.88,0.9821,41.35,390.39,0.9817,39.56,406.88,0.9821,41.35,390.39,0.9817,39.56,390.39,0.9817,39.56,390.39,0.9817,39.56,390.39,0.9817,39.56,390.39,0.9817,39.56,390.39,0.9817,39.56,406.88,0.9821,41.35
172,406.1,0.9824,41.32,393.95,0.982,39.9,406.1,0.9824,41.32,393.95,0.982,39.9,393.95,0.982,39.9,393.95,0.982,39.9,393.95,0.982,39.9,393.95,0.982,39.9,393.95,0.982,39.9,406.1,0.9824,41.32
173,403.41,0.9822,40.86,395.91,0.9824,40.29,403.41,0.9822,40.86,395.91,0.9824,40.29,395.91,0.9824,40.29,395.91,0.9824,40.29,395.91,0.9824,40.29,395.91,0.9824,40.29,395.91,0.9824,40.29,403.41,0.9822,40.86
174,404.88,0.9822,41.1,395.33,0.9823,40.15,404.88,0.9822,41.1,395.33,0.9823,40.15,395.33,0.9823,40.15,395.33,0.9823,40.15,395.33,0.9823,40.15,395.33,0.9823,40.15,395.33,0.9823,40.15,404.88,0.9822,41.1
175,405.64,0.9821,41.13,392.47,0.9824,39.83,405.64,0.9821,41.13,392.47,0.9824,39.83,392.47,0.9824,39.83,392.47,0.9824,39.83,392.47,0.9824,39.83,392.47,0.9824,39.83,392.47,0.9824,39.83,405.64,0.9821,41.13
176,406.78,0.9822,41.33,392.02,0.9827,39.88,406.78,0.9822,41.33,392.02,0.9827,39.88,392.02,0.9827,39.88,392.02,0.9827,39.88,392.02,0.9827,39.88,392.02,0.9827,39.88,392.02,0.9827,39.88,406.78,0.9822,41.33
177,405.09,0.9826,41.28,389.87,0.9827,39.69,405.09,0.9826,41.28,389.87,0.9827,39.69,389.87,0.9827,39.69,389.87,0.9827,39.69,389.87,0.9827,39.69,389.87,0.9827,39.69,389.87,0.9827,39.69,405.09,0.9826,41.28
178,405.4,0.9818,41.09,387.08,0.9821,39.14,405.4,0.9818,41.09,387.08,0.9821,39.14,387.08,0.9821,39.14,387.08,0.9821,39.14,387.08,0.9821,39.14,387.08,0.9821,39.14,387.08,0.9821,39.14,405.4,0.9818,41.09
179,405.0,0.9823,41.14,387.04,0.9818,39.32,405.0,0.9823,41.14,387.04,0.9818,39.32,387.04,0.9818,39.32,387.04,0.9818,39.32,387.04,0.9818,39.32,387.04,0.9818,39.32,387.04,0.9818,39.32,405.0,0.9823,41.14
180,406.44,0.9822,41.37,385.29,0.9823,39.28,406.44,0.9822,41.37,385.29,0.9823,39.28,385.29,0.9823,39.28,385.29,0.9823,39.28,385.29,0.9823,39.28,385.29,0.9823,39.28,385.29,0.9823,39.28,406.44,0.9822,41.37
181,405.17,0.9824,41.18,383.38,0.9821,38.8,405.17,0.9824,41.18,383.38,0.9821,38.8,383.38,0.9821,38.8,383.38,0.9821,38.8,383.38,0.9821,38.8,383.38,0.9821,38.8,383.38,0.9821,38.8,405.17,0.9824,41.18
182,404.84,0.982,41.11,384.77,0.982,39.24,404.84,0.982,41.11,384.77,0.982,39.24,384.77,0.982,39.24,384.77,0.982,39.24,384.77,0.982,39.24,384.77,0.982,39.24,384.77,0.982,39.24,404.84,0.982,41.11
183,404.24,0.9824,41.21,387.35,0.982,39.31,404.24,0.9824,41.21,387.35,0.982,39.31,387.35,0.982,39.31,387.35,0.982,39.31,387.35,0.982,39.31,387.35,0.982,39.31,387.35,0.982,39.31,404.24,0.9824,41.21
184,405.48,0.982,41.04,388.76,0.9825,39.49,405.48,0.982,41.04,388.76,0.9825,39.49,388.76,0.9825,39.49,388.76,0.9825,39.49,388.76,0.9825,39.49,388.76,0.9825,39.49,388.76,0.9825,39.49,405.48,0.982,41.04
185,405.87,0.9822,41.19,389.16,0.9823,39.42,405.87,0.9822,41.19,389.16,0.9823,39.42,389.16,0.9823,39.42,389.16,0.9823,39.42,389.16,0.9823,39.42,389.16,0.9823,39.42,389.16,0.9823,39.42,405.87,0.9822,41.19
186,405.17,0.9823,41.18,388.63,0.9824,39.55,405.17,0.9823,41.18,388.63,0.9824,39.55,388.63,0.9824,39.55,388.63,0.9824,39.55,388.63,0.9824,39.55,388.63,0.9824,39.55,388.63,0.9824,39.55,405.17,0.9823,41.18
187,402.17,0.9824,40.82,385.23,0.9827,39.26,402.17,0.9824,40.82,385.23,0.9827,39.26,385.23,0.9827,39.26,385.23,0.9827,39.26,385.23,0.9827,39.26,385.23,0.9827,39.26,385.23,0.9827,39.26,402.17,0.9824,40.82
188,400.9,0.9823,40.76,384.05,0.9822,38.87,400.9,0.9823,40.76,384.05,0.9822,38.87,384.05,0.9822,38.87,384.05,0.9822,38.87,384.05,0.9822,38.87,384.05,0.9822,38.87,384.05,0.9822,38.87,400.9,0.9823,40.76
189,402.01,0.9823,40.89,381.87,0.9823,38.87,402.01,0.9823,40.89,381.87,0.9823,38.87,381.87,0.9823,38.87,381.87,0.9823,38.87,381.87,0.9823,38.87,381.87,0.9823,38.87,381.87,0.9823,38.87,402.01,0.9823,40.89
190,404.18,0.9821,41.0,378.96,0.9824,38.56,404.18,0.9821,41.0,378.96,0.9824,38.56,378.96,0.9824,38.56,378.96,0.9824,38.56,378.96,0.9824,38.56,378.96,0.9824,38.56,378.96,0.9824,38.56,404.18,0.9821,41.0
191,405.33,0.9821,41.24,375.61,0.9824,38.25,405.33,0.9821,41.24,375.61,0.9824,38.25,375.61,0.9824,38.25,375.61,0.9824,38.25,375.61,0.9824,38.25,375.61,0.9824,38.25,375.61,0.9824,38.25,405.33,0.9821,41.24
192,409.42,0.9818,41.42,375.43,0.9821,38.02,409.42,0.9818,41.42,375.43,0.9821,38.02,375.43,0.9821,38.02,375.43,0.9821,38.02,375.43,0.9821,38.02,375.43,0.9821,38.02,375.43,0.9821,38.02,409.42,0.9818,41.42
193,409.72,0.9823,41.6,379.32,0.982,38.38,409.72,0.9823,41.6,379.32,0.982,38.38,379.32,0.982,38.38,379.32,0.982,38.38,379.32,0.982,38.38,379.32,0.982,38.38,379.32,0.982,38.38,409.72,0.9823,41.6
194,409.44,0.9821,41.55,379.34,0.9823,38.54,409.44,0.9821,41.55,379.34,0.9823,38.54,379.34,0.9823,38.54,379.34,0.9823,38.54,379.34,0.9823,38.54,379.34,0.9823,38.54,379.34,0.9823,38.54,409.44,0.9821,41.55
195,409.24,0.9822,41.55,378.45,0.982,38.45,409.24,0.9822,41.55,378.45,0.982,38.45,378.45,0.982,38.45,378.45,0.982,38.45,378.45,0.982,38.45,378.45,0.982,38.45,378.45,0.982,38.45,409.24,0.9822,41.55
196,409.09,0.9823,41.64,378.71,0.9824,38.31,409.09,0.9823,41.64,378.71,0.9824,38.31,378.71,0.9824,38.31,378.71,0.9824,38.31,378.71,0.9824,38.31,378.71,0.9824,38.31,378.71,0.9824,38.31,409.09,0.9823,41.64
197,408.13,0.9823,41.38,382.28,0.9816,38.76,408.13,0.9823,41.38,382.28,0.9816,38.76,382.28,0.9816,38.76,382.28,0.9816,38.76,382.28,0.9816,38.76,382.28,0.9816,38.76,382.28,0.9816,38.76,408.13,0.9823,41.38
198,408.3,0.9821,41.32,386.35,0.9822,39.22,408.3,0.9821,41.32,386.35,0.9822,39.22,386.35,0.9822,39.22,386.35,0.9822,39.22,386.35,0.9822,39.22,386.35,0.9822,39.22,386.35,0.9822,39.22,408.3,0.9821,41.32
199,406.77,0.9823,41.37,382.65,0.9826,39.08,406.77,0.9823,41.37,382.65,0.9826,39.08,382.65,0.9826,39.08,382.65,0.9826,39.08,382.65,0.9826,39.08,382.65,0.9826,39.08,382.65,0.9826,39.08,406.77,0.9823,41.37
